Leonor Miller,202-555-0112,118609
Foster Parker,202-555-0137,47659
Sue Foley,202-555-0400,85755
Porter Blankenship,202-555-0340,16889
Pete Meadows,202-555-0209,38990
Pablo Benton,202-555-0965,29732
Callie Charles,202-555-0616,49580
Lemuel Logan,202-555-0137,81983
Colton Dunlap,202-555-0795,19191
Brandi Wang,202-555-0393,68559
Jill Garcia,202-555-0490,40927
Orval Jennings,202-555-0307,77052
Gregg Mayo,202-555-0342,39538
Claudio Orozco,202-555-0118,68070
John Crawford,202-555-0877,93599
Jarod Whitehead,202-555-0981,99829
Elisabeth Bryant,202-555-0617,51206
Taylor Castro,202-555-0246,48998
Beverley Hughes,202-555-0701,118743
Ed Beasley,202-555-0828,51086
Olive Lozano,202-555-0084,70965
Brooks Rosario,202-555-0003,61888
Emile Underwood,202-555-0241,115267
Bobbie Mckinney,202-555-0377,100680
Eliza Ellis,202-555-0715,102482
Earnestine Cabrera,202-555-0544,30824
Cordell Ortega,202-555-0651,35592
Dudley Salas,202-555-0973,67940
Hazel Christian,202-555-0424,30954
Orville Herrera,202-555-0884,49756
Ursula Horton,202-555-0026,57565
Delores Randall,202-555-0198,119411
Florencio Rollins,202-555-0112,30549
Maurice Valencia,202-555-0137,105648
Sofia Matthews,202-555-0400,56912
Elliot Calhoun,202-555-0340,69171
Rudy Grant,202-555-0209,89686
Willa Owen,202-555-0965,23223
Russ Hardy,202-555-0616,97009
Melvin Mercer,202-555-0137,123037
Lucio Simpson,202-555-0795,27799
Linda Landry,202-555-0393,31367
Agnes Nguyen,202-555-0490,106679
Elsie Yates,202-555-0307,41280
Dario Norris,202-555-0342,33520
Lewis Hardin,202-555-0118,107764
Barry Lindsey,202-555-0877,26907
Bobbi Pierce,202-555-0981,101490
Consuelo Sutton,202-555-0617,87358
Noble Tate,202-555-0246,18449
